{
  "Login User" : {
    "transaction" : "Login User",
    "sampleCount" : 1,
    "errorCount" : 0,
    "errorPct" : 0.0,
    "meanResTime" : 978.0,
    "medianResTime" : 978.0,
    "minResTime" : 978.0,
    "maxResTime" : 978.0,
    "pct1ResTime" : 978.0,
    "pct2ResTime" : 978.0,
    "pct3ResTime" : 978.0,
    "throughput" : 1.0224948875255624,
    "receivedKBytesPerSec" : 0.6101019299591002,
    "sentKBytesPerSec" : 0.3135384713701432
  },
  "Total" : {
    "transaction" : "Total",
    "sampleCount" : 1,
    "errorCount" : 0,
    "errorPct" : 0.0,
    "meanResTime" : 978.0,
    "medianResTime" : 978.0,
    "minResTime" : 978.0,
    "maxResTime" : 978.0,
    "pct1ResTime" : 978.0,
    "pct2ResTime" : 978.0,
    "pct3ResTime" : 978.0,
    "throughput" : 1.0224948875255624,
    "receivedKBytesPerSec" : 0.6101019299591002,
    "sentKBytesPerSec" : 0.3135384713701432
  }
}